"","iso","ghg_ambition_n","new_pm_n","change_cond","cw_2030","year1","year2","gdp_pc","polyarchy","participdem","dem_change","dem_change_d","polity","v2x_frassoc_thick","v2x_cspart","v2cscnsult","v2csreprss","stake_consult","consult_index","qog_2020","first_soc","last_soc","pol_change","right_change","first","last","ideo_change","any_elect","any_change","gdp_growth","long_gdp_growth","unemployment","year","co2pc","gain","pre_rents","post_rents","change_rents","pre_fossil","post_fossil","change_fossil","pre_affect","post_affect","change_affect","pre_cfinance","post_cfinance","change_cfinance","paris_support","protect_env","region","log_gdp_pc"
"1","ALB",1,1,0,1,2016,2021,3952.80121524465,0.508,0.314,-0.03,0,9,0.817,0.592,0.285,1.638,0,-1.09470192687758,0.47222221,0.375,0.5,1,1,3,1,"right",1,1,-3.40231674193589,2.54935857948763,NA,2018,1.93973156347946,0.408243135147946,2.61966271556196,1.52518479867293,-1.09447791688903,2.33024240909678,1.07229923917993,0.460397955610187,0.013075452672178,0.00126467737255219,0.160895526793865,0.000736308382925147,0.00133910304749852,0.00060279466457337,NA,NA,1,8.28217977497044
"2","AND",0,1,0,0,2017,2020,35770.7767044085,NA,NA,NA,NA,NA,NA,NA,NA,NA,NA,NA,NA,NA,NA,0,NA,NA,NA,NA,1,0,1.83306059347608,1.57425431733354,NA,2018,5.97340536048203,0.2470191799611,0,0,0,0,0,1,0,0,1,0,0,0,NA,0.72609561752988,5,10.4848865458672
"3","AGO",0,1,0,1,2020,2021,4166.97983330278,0.353,0.106,-0.002,0,NA,0.565,0.432,-0.553,-0.19,1,-0.847130818752318,0.39583334,0.5,0.5,0,0,3,3,"no change",1,0,-8.39624119385249,-3.7956079652012,NA,2018,0.88738036390839,0.543063453849043,33.5204741717512,NA,NA,25.9964759095005,0,0.0000384652726857441,0.00147825291883298,0,0.403510066466866,0.0000424734064141669,0,-0.0000424734064141669,NA,NA,4,8.33494679179058
"4","ATG",1,1,0,0,2016,2021,14285.3297773091,NA,NA,NA,NA,NA,NA,NA,NA,NA,NA,NA,NA,NA,NA,0,NA,NA,NA,NA,1,0,-20.8549349330109,3.96278455965997,NA,2018,5.50466338464095,0.47158984760727,0,0,0,0,0,1,0.0433555315789989,0.00943149069950223,0.235179025662748,0.000313767767660041,0.000415778285739191,0.00010201051807915,NA,NA,10,9.56698839996432
"5","ARG",1,1,1,1,2016,2021,13789.060424772,0.762,0.507,0.0569999999999999,1,9,0.909,0.862,1.268,1.827,1,0.633417581563268,0.5,0,0.167,1,1,1,3,"left",1,1,-10.7651077297352,-2.99438788864292,11.460000038147,2018,3.9872341980589,0.470457592651683,2.92667861615254,1.5657667525463,-1.36091186360624,2.43986833899815,1.04903745396628,0.430190124223277,0.00100950080716593,0.000354666803001184,0.674131007148843,0.000019628134064622,0.000108749289548186,0.0000891211554835639,0.807,0.417746759720837,2,9.53163083393178
"6","ARM",1,1,0,1,2017,2021,3607.28929855361,0.39,0.256,0.349,1,5,0.718,0.689,0.094,0.814,1,-0.321093029074018,0.38425925,0,0,0,0,0,2,"center",0,1,-7.5720605257634,7.38219727969849,12.1800003051758,2018,1.88024626821933,0.337432497977301,0.512446641379279,1.14892196260098,0.636475321221704,0,0.000000357082142283435,1.00035708214228,0.00287646473738789,0.00137779237585773,0.613391978759485,0.00105283108865571,0.00102423055078852,-0.0000286005378671913,NA,NA,1,8.19071188244295
"7","AUS",0,1,0,0,2016,2021,56755.7217124249,0.887,0.616,-0.033,0,10,0.898,0.861,1.401,1.784,0,-0.641024822332768,0.8888889,0,0,0,0,1,1,"no change",1,0,-1.27852628341415,0.571102988410345,6.46000003814697,2018,15.475516485656,0.479701869855454,3.89116970352291,4.99152597747754,1.10035627395463,2.26555824263024,1.54085615283775,0.680263195464367,0.00928672717680567,0.000286804839225599,0.125093707367594,0,0,0,0.799800796812749,NA,5,10.9465117533878
"8","BHR",0,1,NA,0,2016,2021,22634.0856475674,0.131,0.038,-0.00900000000000001,0,-10,0.123,0.173,-1.427,-1.911,1,-1.55772900759132,0.59375,0,0,0,0,0,0,"no change",0,0,-8.45537049876401,-2.32252085763781,NA,2018,19.5929758385156,0.417772393608188,6.3208937412601,3.6940045807041,-2.626889160556,7.66248066649171,2.95473241693757,0.385690594857425,0,0,1,0,0,0,NA,NA,3,10.0272122635413
"9","BGD",1,1,0,1,2016,2021,1248.45330989613,0.28,0.134,-0.013,0,1,0.547,0.71,1.079,0.071,1,0.479752755830349,0.41666666,0.125,0.125,0,0,0,0,"no change",1,0,2.47635985204822,7.04528876097589,NA,2018,0.512837313770296,0.518711858027425,0.821776647554646,0.558467846030758,-0.263308801523888,0.99402404443172,0.338208285656652,0.34090461185828,0.0254357461023597,0.0169116040554251,0.677552431698769,0.000349836628712964,0.000884935683096235,0.000535099054383271,NA,NA,8,7.1296607120611
"10","BRB",1,1,1,1,2016,2021,16524.899501274,0.773,0.338,0.024,1,NA,0.883,0.893,1.816,2.232,1,1.07896427204813,NA,0.25,0.2,1,0,1,3,"left",1,1,-19.07818762048,-0.228750840137266,NA,2018,4.36087077867709,0.396215852502981,0.323803133280739,0.232214696927876,-0.0915884363528631,0.420613247963272,0.175243296984047,0.418021250127794,0.00242156447262709,0,0.292263965212439,0.0011402364193939,0,-0.0011402364193939,NA,NA,10,9.71262358308409
"11","BLR",1,1,0,1,2016,2021,5949.10630699748,0.256,0.096,-0.073,0,-7,0.378,0.399,-1.118,0.055,0,-1.66505047318257,0.43055555,0.875,0.875,0,0,0,0,"no change",1,0,-0.479446185047166,1.60481819172,4.05000019073486,2018,6.28364773644065,0.326182094472317,1.74252725536559,1.58728705151966,-0.155240203845926,0.916946383898786,0.454457142339564,0.496169656886826,0.000547831529689114,0.00266006299634637,2.3646391265085,0.000111294884692463,0.000232195182300992,0.000120900297608529,NA,NA,1,8.69099628675382
"12","BLZ",NA,1,1,0,2016,2021,4770.23265563888,NA,NA,NA,NA,NA,NA,NA,NA,NA,NA,NA,NA,NA,NA,NA,NA,1,1,"no change",1,0,-15.5827414437054,-0.135066237124235,NA,2018,1.77512784836231,0.472251738101211,1.89751439186735,1.40869409719321,-0.488820294674135,3.64733066183685,0.807659607578783,0.221651950585982,0.041427744122041,0.0754487313295827,1.80185708459263,0.000134999920199306,0.000582942276911396,0.00044794235671209,NA,NA,2,8.47015035746
"13","BEN",0,1,0,0,2017,2021,1076.79670153022,0.711,0.476,-0.29,0,7,0.877,0.93,2.372,2.146,1,1.53101529378096,NA,0.2,0,1,0,0,0,"no change",1,0,1.09009852710551,4.00308913488962,NA,2018,0.688722324311593,0.446956390697288,5.02618552396034,2.87525828313444,-2.1509272408259,0.0158569404886112,0.0858640425403714,5.15301353760238,0.00949775622677733,0.000288702700393081,0.12275982339025,0.000266862948059376,0.0011561138463825,0.000889250898323123,NA,NA,4,6.98174589567089
"14","BTN",0,1,0,0,2017,2021,2752.63017233678,0.567,0.36,0.00600000000000001,1,5,0.632,0.774,1.585,1.203,1,0.891151707263456,NA,0.167,0.143,1,0,0,0,"no change",0,0,-11.0690288043469,4.54973728489323,NA,2018,1.82927799192997,0.484918873044531,4.50186997092679,2.51789909144879,-1.983970879478,0.113044070005666,0,0.00876854009112719,0.0125022301239403,0,0.0740618394754611,0.001843989146514,0.000662323107692404,-0.00118166603882159,NA,NA,8,7.92031215988068
"15","BIH",1,0,0,1,2017,2021,4727.27633310331,0.556,0.337,-0.03,0,-66,0.828,0.671,0.374,1.868,1,-0.0934414353956191,NA,0,0,0,0,0,0,"no change",1,0,-2.60143470404519,3.5453373948871,15.8699998855591,2018,6.78113160660171,0.357424308530784,1.57963898397035,1.14377046507292,-0.435868518897432,0.760478573451893,0.208003381784976,0.274470469782929,0.0173087962595798,0.00120049128901326,0.12018765503832,0.000744568894062611,0.000845528275484238,0.000100959381421627,NA,NA,1,8.46110448753676
"16","BRA",0,1,0,0,2016,2020,8814.00141787464,0.808,0.549,-0.13,0,8,0.917,0.813,1.232,2.103,0,-0.709726821139285,0.4861111,0.182,0,1,0,3,1,"right",1,1,0.651853445818901,0.988960032623851,12.0500001907349,2018,2.04187419904738,0.501336214395501,2.59649266972444,3.13851966004433,0.542026990319886,1.76762295984856,1.26690250769944,0.716886830310063,0.000793484416820298,0.0048208762522046,3.24556834596006,0.0000539704741222295,0.0000958112698149152,0.0000418407956926857,0.88,0.543132803632236,2,9.08409680626811
"17","BFA",1,1,0,1,2016,2021,653.32726813947,0.725,0.445,-0.0609999999999999,0,6,0.837,0.919,2.908,1.641,1,1.96680548739389,0.41666666,0.571,0.8,1,1,2,2,"no change",1,0,-0.907160523079824,2.72407212531654,NA,2018,0.21618648458803,0.528877253582147,9.03002432545789,9.4128931594364,0.382868833978502,0,0,1,0.00177090689973458,0.000478436716222438,0.533556979617054,0.000538166002536359,0.000940738405519359,0.000402572402983,0.864,NA,4,6.48207818005337
"18","BDI",0,1,0,1,2018,2021,305.549646023245,0.157,0.151,0.027,1,-1,0.142,0.482,0.103,-1.849,1,-0.313775656420069,NA,0.167,0,1,0,0,0,"no change",1,0,-2.74070846256809,-1.29476823572824,NA,2018,0.0527946300523678,0.522315286660178,21.9836547777539,10.2669872930148,-11.7166674847391,0,0,1,0.00080143779247575,0.000783596458016459,0.990096058529575,0.00242152625950732,0.00162775450576634,-0.000793771753740974,NA,NA,4,5.72211227284981
"19","CPV",NA,1,0,0,2017,2021,3043.03138156811,0.774,0.475,-0.027,0,10,0.91,0.711,0.97,2.886,1,0.391131242576972,NA,0,0,0,0,2,2,"no change",0,0,-15.7109984705467,4.48183015631996,NA,2018,1.14020052817031,0.385477524857862,0.568975589691867,0.465169048843073,-0.103806540848793,0,0,1,0.000154109483486655,0,0.866468921976901,0.00194667564424414,0.000512715855108825,-0.00143395978913532,NA,NA,4,8.02060946255103
"20","KHM",1,0,0,0,2017,2020,1162.90499489448,0.232,0.154,-0.037,0,-4,0.27,0.438,-0.547,-1.003,1,-0.842252570316353,NA,0,0,0,0,3,3,"no change",1,0,5.51680828875165,5.87938583851239,0.5,2018,0.686777894736518,0.393904762199011,3.6655618913001,1.16523617536798,-2.50032571593211,0,0.000986289110404542,1.98628911040454,0.0283947167057534,0.0120270323291253,0.443175978170781,0.000378652764133784,0.000544392047627233,0.000165739283493449,NA,NA,7,7.05867645949528
"21","CMR",1,1,1,1,2016,2021,1327.50256128813,0.33,0.138,-0.031,0,-4,0.513,0.558,-0.09,-0.894,1,-0.470692647776966,0.31944445,0.333,0.333,0,0,0,0,"no change",1,0,-2.04245466490876,0.835333750899835,NA,2018,0.34184290843119,0.462496237701737,7.76221906062548,6.16371416664516,-1.59850489398033,4.63210727113454,2.29607033662573,0.495794766276418,0.000606458406805766,0.000253214666922622,0.780110248490328,0.000160103697489972,0.000490576276362764,0.000330472578872792,NA,NA,4,7.19105468252149
"22","CAN",1,1,0,1,2016,2021,43596.1355365546,0.841,0.593,0.016,1,10,0.867,0.929,1.928,2.048,1,1.17002490951949,0.9050926,0,0.25,1,1,3,3,"no change",1,0,-6.31922236990395,0.426917853285573,9.46000003814697,2018,15.4970252672198,0.433493772078883,2.7199452690187,1.51799288163198,-1.20195238738672,1.41006106517314,1.03525013349673,0.734376533427757,0.000173671259197979,0.000436344371061221,1.22380467256456,0,0,0,0.876,0.612493777999005,5,10.6827237909262
"23","TCD",0,1,0,0,2017,2021,776.019752284262,0.263,0.131,-0.054,0,-2,0.434,0.569,-0.864,-0.758,1,-1.09998669601654,NA,0.2,0,1,0,0,0,"no change",1,1,-3.83567515256786,0.209664512309331,NA,2018,0.0691315979407054,0.540632372498568,18.6002096225884,22.4087888273113,3.80857920472297,17.0195556584807,13.2851325284128,0.780593348125675,0.00599758109970176,0.000379562254630157,0.197148448152885,0.000093261748726404,0.000112164568593743,0.0000189028198673386,NA,NA,4,6.65417797383384
"24","CHL",1,0,1,1,2017,2020,13574.1692377497,0.892,0.6,-0.0570000000000001,0,10,0.915,0.811,1.792,2.782,0,-0.482075227460886,0.69444448,0.429,0,1,0,NA,NA,"right",1,0,-0.245035756890886,2.28112103495536,7.26999998092651,2018,4.6248722447118,0.384224730254937,7.44329720673951,4.47287298185513,-2.97042422488437,0.071287278027924,0.0276581670325647,0.39644827989642,0.00158433788291288,0.0000177685404232316,0.393821778163184,0.0000705634686285688,0.0000349435306046396,-0.0000356199380239292,NA,0.538,2,9.51592394497364
"25","CHN",1,1,0,1,2016,2021,8066.94263493206,0.081,0.04,-0.003,0,-7,0.04,0.354,0.192,-1.319,0,-1.13250835225631,0.47222221,1,1,0,0,3,3,"no change",0,0,2.11652289256483,5.57453312716906,NA,2018,7.35226268214092,0.448468640500951,4.13912762150914,1.27563107117137,-2.86349655033777,2.91508292679207,0.771496253295228,0.26490887697252,0.0355671467371918,0.00291388008472179,0.10703269010434,0,0,0,0.846613545816733,0.680171277997365,6,8.99552983383348
"26","COL",1,1,1,1,2018,2020,6175.87602970259,0.678,0.477,-0.026,0,7,0.898,0.788,1.309,1.621,1,0.666752279209034,0.41666666,0,0,0,0,0,1,"right",1,1,1.88927448744572,1.01285604228866,9.96000003814697,2018,1.6006506184645,0.501320631913841,5.0998991722753,4.76865339398086,-0.331245778294436,5.43526592108473,3.03728859750075,0.558892563683584,0.00440445490776524,0.00122751398186763,0.412162562160911,0.000168274777620783,0.000331832848718068,0.000163558071097284,NA,0.692105263157895,2,8.7284060185923
"27","COM",0,0,0,1,2016,2021,1242.58568214864,0.421,0.282,-0.101,0,9,0.743,0.689,0.501,0.362,0,-1.00689345503019,NA,0.125,0.125,0,0,2,0,"no change",1,1,-2.27695071483737,-0.46527893172582,NA,2018,0.31237910327974,0.470871413538449,1.46739319479997,1.89824806442619,0.430854869626221,0,0,1,0.0133421568062472,0.20291141873636,14.2176258069874,0.000585985274027206,0.00121715093422084,0.000631165660193633,NA,NA,4,7.12494971506896
"28","COG",1,0,1,1,2017,2021,2447.53930825728,0.247,0.181,-0.003,0,-4,0.423,0.46,-0.483,-1.773,1,-0.790217920332719,0.25,0.25,0.2,1,0,3,3,"no change",1,0,-10.2397571028887,-2.61495233462033,NA,2018,0.613992585944184,0.486705230457993,40.4689705929506,43.0277217258086,2.55875113285801,33.2974290092699,29.3856072954187,0.882522334228977,0.00333410704274449,0.012887006369058,3.20412168691255,0.0000528470646118124,0.000466518800452545,0.000413671735840733,NA,NA,4,7.80283843485068
"29","CRI",1,1,0,1,2016,2020,11642.7780517123,0.908,0.681,-0.005,0,10,0.94,0.927,2.487,1.727,1,1.6245150554703,0.44444445,0.5,0.5,0,0,3,3,"no change",1,0,1.28151371094327,1.60014007285719,10.8100004196167,2018,1.65218405330354,0.450954781036395,1.64999925285415,1.03468647247415,-0.61531278038,0,0,1,0.00917839046067407,0.00403395846854106,0.494573133934153,0.000280528881091126,0.000162735229731463,-0.000117793651359663,NA,NA,2,9.3624413570461
"30","CUB",0,1,1,0,2016,2020,7694.01463710941,0.175,0.103,0.00700000000000001,1,-7,0.028,0.114,-1.566,-1.301,0,-1.84717174812528,0.54166669,1,1,0,0,3,3,"no change",1,0,-0.123773041706542,2.25848146064915,NA,2018,2.20230009386014,0.497414273672557,1.83582428666061,0.718305465847807,-1.11751882081281,1.43616478168869,0.305292509369487,0.213122749229624,0.024360771304273,0.0886742378475436,3.53594284541475,0.0000116413251609336,0.000029371091746095,0.0000177297665851614,NA,NA,2,8.94819798571612
"31","PRK",1,1,0,0,2016,2019,1600,0.085,0.044,-0.001,0,-10,0.021,0.025,-1.847,-3.705,0,-1.96140406566748,0.27777779,0.857,0.857,0,0,3,3,"no change",0,0,NA,NA,NA,2018,0.709208588187231,0.541907298557204,NA,NA,NA,0,0,1,0.0159788257669512,0.0291355399244937,1.77488952051983,0,0,0,NA,NA,6,7.37775890822787
"32","DOM",0,1,1,0,2017,2020,6921.52059432776,0.521,0.324,0.0609999999999999,1,7,0.786,0.783,0.92,1.619,1,0.350479172277259,0.3611111,0.25,0,1,0,2,2,"no change",0,0,3.95840417453633,5.83453748755498,6.17999982833862,2018,2.36375764821923,0.447163347975723,0.744469245862679,0.754274220159035,0.00980497429635674,0,0,1,0.0106812001915259,0.000480963809853734,0.126781819125752,0.000163720714156228,0.000252121730089287,0.000088401015933059,NA,NA,2,8.84239076353733
"33","SWZ",NA,1,1,0,2016,2021,3679.81979771244,0.132,0.129,-0.003,0,-9,0.053,0.511,-0.019,-0.949,1,-0.412966707951372,NA,0,0.25,1,1,0,-999,"no change",0,1,-2.86834317136054,1.55315112546384,NA,2018,0.959275667664665,0.445954126693042,3.49733711499206,3.65721710333024,0.159879988338186,0.133005803179181,0.0930981929394131,0.702194910272605,0.0235115581117917,0,0.0407970801137661,0,0,0,NA,NA,4,8.21061906195108
"34","ETH",1,1,1,1,2017,2021,640.541923075422,0.223,0.085,0.091,1,-3,0.274,0.24,-0.921,-0.875,1,-1.14633005615821,0.55555558,0.222,0.2,1,0,0,0,"no change",1,0,3.3952700661372,5.60436973620631,NA,2018,0.149050931014413,0.510866236976164,19.8470538763485,6.72543360821071,-13.1216202681378,0.00174838096983736,0,0.363850576384676,0.00100558723890658,0.00208040374757171,1.53591112259524,0.000411027856271065,0.000905849488603006,0.000494821632331941,0.767,0.456910569105691,4,6.46231457286446
"35","EU",1,1,0,1,2016,2020,44178.0473777432,0.838703703703704,0.609814814814815,-0.0242962962962964,0,NA,0.889333333333333,0.865481481481482,1.99503703703704,2.43051851851852,1,1.22452879636578,0.91666669,1,0,1,0,3,3,"no change",1,0,NA,NA,NA,2018,6.5956269112759,0.372582699365945,0.536817999794537,0.338592820019154,-0.198225179775383,0.30572780323526,0.0974974456255219,0.321123304071573,0.00038457201647675,0.0000495027195927142,0.757997927954178,0,0,0,NA,NA,5,10.6959832790246
"36","FJI",1,1,0,1,2016,2020,5390.71420703085,0.406,0.197,0,1,2,0.698,0.671,0.333,0.861,1,-0.126776133041385,NA,0.125,0,1,0,0,0,"no change",1,0,-1.16876751454872,3.10381043650811,NA,2018,2.15056197580052,0.460279589760889,1.28220401118146,1.0843051430437,-0.197898868137759,0,0,1,0.0292561525661176,0.0550479466680548,1.85244791272041,0.000143687286530969,0.000381109765299593,0.000237422478768624,NA,NA,9,8.59243316106755
"37","GMB",1,1,0,0,2016,2021,660.723571244322,0.247,0.143,0.252,1,-5,0.504,0.254,-1.576,-0.483,1,-1.67887217708447,0.5,0,0,0,0,0,0,"no change",1,0,-3.06327524806795,3.09684344959481,NA,2018,0.249989912687734,0.474356283492874,3.377826313707,4.52624305926657,1.14841674555956,0,0,1,0.00359280347100483,0.00257768258369732,0.778975762033766,0.00256878627493907,0.00273714529275805,0.000168359017818982,NA,NA,4,6.49333555456765
"38","GEO",1,0,0,1,2017,2021,4014.18594419329,0.713,0.473,-0.0649999999999999,0,7,0.906,0.839,1.323,3.258,0,-0.672733437166545,NA,0.091,0.111,1,1,0,0,"no change",1,0,-6.82443263205032,5.16261881694761,11.7299995422363,2018,2.53854169098541,0.405797569441947,0.666266066769377,0.361358735289325,-0.304907331480053,0.12473412078966,0.0410488649413505,0.334426841952422,0.00196890877410766,0.000509411447732994,0.508406139284851,0.00108027692753945,0.00210164632898451,0.00102136940144506,NA,NA,1,8.29758985219799
"39","GHA",0,1,0,0,2016,2021,1705.57508204519,0.738,0.377,-0.075,0,8,0.911,0.857,1.285,3.014,0,-0.688181223880436,0.5138889,0.25,0.2,1,0,3,1,"right",1,1,-1.70251702105996,4.22918126352458,NA,2018,0.541201382411755,0.444292597895036,11.3933089222373,9.46491197704783,-1.92839694518947,3.32350489426535,2.78116916258239,0.83686721814774,0.00870665774045299,0.0048204135635203,0.599631069638257,0.000205549242638511,0.000394580496795921,0.00018903125415741,0.822,NA,4,7.44165762436972
"40","GRD",0,1,0,1,2016,2020,9096.53865246322,NA,NA,NA,NA,NA,NA,NA,NA,NA,NA,NA,NA,NA,NA,0,NA,1,1,"no change",1,0,0.238209642532624,3.76129237119484,NA,2018,2.69181419303897,0.381918384296782,0,0,0,0,0,1,0.195813820292608,0,0.00508094400338998,0.000201403495350001,0.000273065328119977,0.0000716618327699755,NA,NA,10,9.11564925228555
"41","GIN",1,1,1,1,2016,2021,769.255475433161,0.378,0.249,-0.099,0,4,0.661,0.786,1.251,0.59,1,0.619595877661366,0.3611111,0,0,0,0,0,0,"no change",1,0,4.0431629902353,2.69338419991574,NA,2018,0.25132323293185,0.435558777595587,15.2488700554049,14.2417083908969,-1.00716166450792,0,0,1,0.00183961957737834,0.00101117424782908,0.708254818304178,0.00013646355534237,0.000695103651648531,0.000558640096306161,NA,NA,4,6.64542313206198
"42","GNB",NA,1,1,0,2018,2021,603.399381547733,0.519,0.229,0.038,1,6,0.759,0.782,1.513,1.11,1,0.832612726031868,0.41666666,0.667,0.667,0,0,3,3,"no change",1,0,-4.73491375422959,1.96420146424497,NA,2018,0.165394727856314,0.504926610720525,17.6259651651133,9.04442010270324,-8.58154506241001,0,0,1,0.0068123118472495,0,0.128003082768908,0.00148336479268015,0.00293166643122142,0.00144830163854127,NA,NA,4,6.40257930177868
"43","HND",1,1,0,1,2016,2021,2302.20441093316,0.442,0.276,-0.049,0,7,0.814,0.792,1.078,0.904,1,0.478939714424355,0.40972224,0,0,0,0,1,1,"no change",1,0,-10.4215011539207,0.982661679905576,10.6800003051758,2018,1.01903275747031,0.445378109572176,1.82290207645441,1.45088814578814,-0.372013930666272,0,0,1,0.015727133650203,0.0878585996182937,5.31224305828483,0.000531339710222217,0.000438058914964321,-0.0000932807952578953,NA,NA,2,7.74162238244349
"44","ISL",1,0,0,1,2016,2021,52951.6815110898,0.863,0.642,-0.031,0,NA,0.904,0.962,2.407,2.881,1,1.55947174299076,0.91666669,0,0,0,0,2,3,"left",1,1,-8.00918540956167,0.206935274875605,5.48000001907349,2018,6.23722432177273,0.448202503396635,0.000067760655325475,0.000200645846117977,0.000132885190792502,0,0,1,0.000310317495924746,0,0.763173813301072,0,0,0,NA,NA,5,10.8771351071087
"45","IDN",0,1,0,0,2016,2021,3331.69511469189,0.655,0.443,-0.0700000000000001,0,9,0.767,0.918,2.491,1.551,1,1.62776722109427,0.5138889,0,0,0,0,0,0,"no change",1,0,-3.10714219034654,3.87144414151346,4.25,2018,2.17846155349724,0.517932425996539,7.32220259827306,3.2824468809598,-4.03975571731327,4.55179950223411,1.95471981009173,0.429564229466295,0.000968775582701794,0.000891335908211103,0.960666073283772,0.000121498998784524,0.000126491784746223,0.000004992785961699,0.637,NA,7,8.11123649690684
"46","ISR",1,1,0,1,2016,2021,35813.7134069142,0.731,0.473,0.00800000000000001,1,6,0.802,0.805,0.869,1.155,1,0.30901406057155,0.78472221,0,0,0,0,1,1,"no change",1,0,-3.86399947293295,1.81135890882076,4.32999992370605,2018,6.97640383662809,0.283785899019191,0.104741664320579,0.148480334616897,0.0437386702963181,0.16397739938683,0.089565177435073,0.548955055490483,0.0129244789394105,0.000000569605832763727,0.0718568795418871,0,0,0,0.792,NA,3,10.4860861551006
"47","JAM",1,1,0,1,2017,2020,4907.927415189,0.818,0.555,-0.001,0,9,0.912,0.871,1.366,2.396,1,0.713095639350708,0.52083331,0,0,0,0,1,1,"no change",0,0,0.432912116838111,1.40370907994962,4.98999977111816,2018,2.89963415544152,0.447556690928628,2.58819709479278,0.98413952429584,-1.60405757049694,0,0,1,0.0338061438945444,0,0.0287305598410958,0.00004410074634778,0.000329785254985864,0.000285684508638084,NA,NA,10,8.49860701664015
"48","JPN",1,1,0,1,2016,2021,34960.6393843385,0.825,0.537,0.01,1,10,0.902,0.718,1.248,1.942,1,0.617156753443383,0.83333331,0,0,0,0,0,0,"no change",1,0,-4.26028956099367,0.480088200168893,2.79999995231628,2018,8.7422577098865,0.519500569175998,0.0189531146483076,0.0473905884896089,0.0284374738413012,0.00810960638607033,0.00558147074417502,0.722475863966951,0.000347888819099923,0.00190513272885158,2.15532074135872,0,0,0,NA,0.336289726533629,6,10.4619781186279
"49","JOR",1,1,0,1,2016,2021,4164.10876894014,0.248,0.115,0.01,1,-3,0.568,0.651,0.609,0.445,1,0.097623295013037,0.52777779,0.143,0.333,1,1,0,0,"no change",0,0,-2.53019323476023,0.579046462795702,19.2099990844727,2018,2.47859527268662,0.28853503033662,0.922182092042446,0.686336234838057,-0.235845857204389,0.0394426637311361,0.00890220851748564,0.244845606197351,0.000483269396441699,0.00000321113557595028,0.676351266993448,0.000527503950657817,0.00144790686903468,0.000920402918376865,0.734,0.474646716541978,3,8.33425755065695
"50","KEN",1,1,1,1,2016,2020,1336.88326508851,0.503,0.34,-0.041,0,9,0.81,0.785,0.476,0.893,1,-0.0105112119842025,0.5138889,0,0,0,0,0,1,"right",1,1,2.62208684536643,3.22142919254497,5.01000022888184,2018,0.358028407608337,0.508317476778128,4.2173381627721,1.9149458890191,-2.302392273753,0,0.00547325582725883,6.47325582725883,0.0022965963016151,0.00241236692165704,1.03511822784768,0.000647762904419035,0.000816840109605261,0.000169077205186227,0.778325123152709,NA,4,7.19809626221196
"51","KWT",NA,0,1,0,2018,2021,29869.552753237,0.315,0.09,-0.017,0,-7,0.11,0.462,-0.138,0.203,1,-0.509718635264691,0.52777779,0,0,0,0,0,0,"no change",0,0,-10.0427425000043,-1.23785408626549,NA,2018,21.6227243085731,0.397463157850205,43.1932842828026,43.65989669704,0.466612414237417,46.604469228661,29.1063801886726,0.624548592051776,0.0000584707444553655,0,0.944759224795153,0,0,0,NA,NA,3,10.3045949379892
"52","KGZ",1,1,0,1,2020,2021,1121.08283510739,0.399,0.233,0.022,1,NA,0.684,0.537,0.396,0.427,1,-0.0755545244637451,NA,0.333,0.333,0,0,0,0,"no change",1,0,-10.3345304287768,2.43933520707868,4.63000011444092,2018,1.73973556019485,0.325863608353138,3.44865335044757,NA,NA,0.455662556603598,0,0.00218980073040681,0.000794137262969951,0,0.55737095518803,0.000834623890648802,0,-0.000834623890648802,NA,NA,1,7.02205031428272
"53","LAO",NA,1,1,0,2016,2021,2134.71306235123,0.092,0.1,0.041,1,-7,0.047,0.188,-1.472,-1.194,1,-1.59431587086106,NA,0.833,1,1,1,3,3,"no change",1,0,-0.962611713840786,3.86974764056176,NA,2018,2.66090849278722,0.393776819969432,8.59875867451295,4.04304633013235,-4.5557123443806,0.181612932555744,0,0.00547606342006879,0.0318878969532937,0.0186473897787111,0.597404869232402,0.000507844867314235,0.000301332596350962,-0.000206512270963273,NA,NA,7,7.66608751960545
"54","LBN",1,1,0,1,2020,2021,7644.54514657966,0.458,0.263,-0.003,0,NA,0.736,0.748,0.277,0.737,1,-0.172306451777064,0.44444445,0,0,0,0,2,2,"no change",0,0,-21.1160044260512,-7.1071537327247,NA,2018,4.03970721671608,0.332050982243598,0.00528211658403945,NA,NA,0,0,1,0.0240963701024196,0,0.0398463999342912,0.000170963943883669,0,-0.000170963943883669,0.782,NA,3,8.94174761974288
"55","LBR",1,1,1,0,2018,2021,710.384016560869,0.612,0.334,0.012,1,7,0.87,0.916,1.311,1.85,1,0.668378362021023,0.23842593,0,0.333,1,1,0,0,"no change",0,0,-5.29058563628975,-4.80612732385613,NA,2018,0.273917114341304,0.488170925525536,22.4290344925093,13.2391948176239,-9.18983967488543,0,0,1,0.0622742885448745,0,0.0158042077279272,0.00254286848265617,0.00183060386130034,-0.000712264621355829,NA,NA,4,6.56580569221436
"56","MWI",NA,1,1,0,2017,2021,380.596987683774,0.546,0.355,0.072,1,6,0.86,0.794,1.533,1.596,1,0.848873554151753,0.5324074,0.286,0,1,0,1,1,"no change",1,0,-1.84096783778082,2.69981228160685,0.910000026226044,2018,0.0865337262442186,0.493184356571379,9.00465323265458,7.46733806999036,-1.53731516266422,0.0421377290836744,0.0168268332548539,0.413253864622199,0.00540201578941683,0.0089808884927286,1.55902278610871,0.00142524333469418,0.000829909407591246,-0.000595333927102932,NA,NA,4,5.94174104017958
"57","MYS",0,0,1,1,2016,2021,9955.24272167626,0.318,0.224,0.095,1,5,0.634,0.718,0.292,-0.071,1,-0.16011083068715,0.6111111,0,0,0,0,0,0,"no change",1,0,-6.86027342704296,3.0608088603617,4.53999996185303,2018,7.6002204133699,0.442959989356779,12.1837058584669,6.44411853887924,-5.73958731958762,6.33124855712693,3.68904356666953,0.582738269570356,0.000752636769490151,0.000263602629221099,0.720972337918419,0.0000021506696558797,0.00000297571077297465,0.000000825041117094949,0.698,NA,7,9.20585459808718
"58","MDV",1,1,0,0,2016,2020,9033.45972427115,0.358,0.223,0.239,1,NA,0.612,0.404,-0.414,-0.104,1,-0.734118063319113,NA,0,0.286,1,1,0,1,"right",1,1,3.81320120539183,4.07540942819782,4.55999994277954,2018,3.70367497634302,0.722357733729787,0.00873697451504271,0.00429682994571823,-0.00444014456932449,0,0,1,0.0271817899401519,0.000847526259188597,0.0655574490872327,0.000430604782459364,0.000305692888136622,-0.000124911894322742,NA,NA,8,9.10869070971853
"59","MLI",1,0,0,1,2016,2021,751.47288662264,0.529,0.318,-0.275,0,5,0.791,0.861,2.096,0.961,1,1.30661586572653,0.27777779,0,0,0,0,0,0,"no change",1,0,-4.12662576286982,1.66395525277679,3.52999997138977,2018,0.294583927721055,0.525089258062733,6.31697317480742,6.49639769076326,0.179424515955843,0,0,1,0.00058681191295575,0.000261101659528752,0.794739218449464,0.000455489353901891,0.000933509161161828,0.000478019807259937,NA,NA,4,6.62203512953038
"60","MHL",1,0,0,0,2016,2020,3199.88684631989,NA,NA,NA,NA,NA,NA,NA,NA,NA,NA,NA,NA,NA,NA,1,NA,NA,NA,NA,1,0,5.95717198589657,2.93818083190456,NA,2018,3.25275628295556,0.586987166809118,0,0,0,0,0,1,0.0234895759098019,0,0.0408337001703551,0.00115873679390585,0.00900991575821246,0.00785117896430661,NA,NA,9,8.07087072763759
"61","MRT",1,0,0,1,2017,2021,1524.07175254803,0.392,0.177,-0.00700000000000001,0,-2,0.516,0.544,0.64,0.13,1,0.12282757859886,NA,0.167,0.4,1,1,0,0,"no change",1,0,-4.38235525118915,2.89992206394601,NA,2018,0.908407126272224,0.363758416466013,10.1409311236745,8.37992821959218,-1.76100290408229,1.80014002415247,0.150729004161448,0.0842405377298992,0.00225199024113949,0.00293044691714973,1.20862814021622,0.000290229744997506,0.000355367739876051,0.0000651379948785448,NA,NA,4,7.32914081686271
"62","MUS",1,0,0,1,2016,2021,9260.44730250635,0.786,0.498,-0.193,0,10,0.895,0.806,1.848,1.657,1,1.10498159703995,NA,0.5,0.4,1,0,0,0,"no change",1,0,-14.8966374554128,2.97917002128392,8.63000011444092,2018,3.26404031287368,0.484726712434878,0.0123352475478973,0.00294355372107788,-0.00939169382681947,0,0,1,0.000775859971415913,0.0118548679644322,7.23867206386937,0.000507783832521736,0.000256068483398009,-0.000251715349123727,NA,NA,4,9.13350763127989
"63","MEX",0,1,0,0,2016,2020,9616.64555810607,0.636,0.39,0.011,1,8,0.79,0.618,0.243,1.266,1,-0.19994985958087,0.3912037,0,0.167,1,1,2,3,"left",1,1,-1.26011567224396,1.05031421707116,3.48000001907349,2018,3.74147772536983,0.487395913866535,4.15174031595372,2.39760526165978,-1.75413505429394,4.35123677428344,1.46733283441127,0.337374299828395,0.00211375356036756,0.0000918124277550629,0.35064188818661,0.0000421794850480141,0.0000916717388924168,0.0000494922538444028,0.771,0.545715928694652,2,9.17125078826809
"64","MDA",1,0,0,0,2017,2020,2732.45711293733,0.523,0.334,0.096,1,9,0.738,0.712,1.354,1.005,0,-0.660131295373633,0.41666669,0.125,0.333,1,1,0,0,"no change",0,0,5.36569849707125,6.10943256779568,5.09999990463257,2018,3.17183206349277,0.335970133088244,0.242670949061403,0.246739082330561,0.00406813326915828,0.0385236662160476,0.00570698702854498,0.169695467821297,0.0459130368561075,0.0010244002380511,0.0431521891081231,0.00111069315188013,0.000770741247112492,-0.000339951904767634,NA,NA,1,7.91295652475363
"65","MCO",1,0,0,1,2016,2020,165989.505113832,NA,NA,NA,NA,NA,NA,NA,NA,NA,NA,NA,NA,NA,NA,0,NA,NA,NA,NA,1,0,6.12377017891215,5.16191339520333,NA,2018,NA,0.431671762138217,0,0,0,0,0,1,0,0,1,0,0,0,NA,NA,5,12.0196798431342
"66","MNG",1,0,1,0,2016,2020,3918.58701514963,0.671,0.368,-0.023,0,10,0.857,0.745,1.177,1.582,0,-0.732085459804127,0.54166663,0,0.143,1,1,0,0,"no change",1,0,3.80294008233133,5.82715120700583,9.27000045776367,2018,6.72509805331754,0.267115029166043,14.7395807062726,16.2110841122043,1.47150340593175,13.8088946687446,7.12429627569981,0.515955874147704,0.0578743930132197,0.0101802591811122,0.189900202938853,0.000694311262384149,0.00227921366602745,0.0015849024036433,NA,NA,1,8.2734864124859
"67","MNE",1,0,0,1,2017,2021,6517.16375162528,0.445,0.308,0.051,1,9,0.826,0.78,1.895,1.043,1,1.14319454312168,NA,0,0,0,0,NA,NA,NA,1,0,-15.2084745840286,4.09623694324546,17.8799991607666,2018,4.0499689020245,0.329459112952334,0.670439572193956,1.17800960098467,0.507570028790718,0.341713048571572,0.0744432997094993,0.22013547492267,0.00406298670936352,0,0.197511875381895,0.00127132273901641,0.00192968482203307,0.00065836208301666,NA,NA,1,8.78219455285809
"68","MAR",1,0,0,1,2016,2021,3222.05417836739,0.268,0.178,-0.00700000000000001,0,-4,0.598,0.778,0.946,0.186,1,0.37161824883311,0.55555558,0.333,0.2,1,0,0,0,"no change",0,0,-7.42665148894926,1.3403970411036,NA,2018,1.85072678357202,0.338302258818993,1.46099579589686,1.42671588535085,-0.0342799105460099,0.0104720300923901,0.00323048161688101,0.368764864004957,0.00109560556985048,0.00604023533812802,3.35952310845897,0.000826527431748996,0.000777929844885098,-0.000048597586863898,NA,NA,3,8.0777743787313
"69","MOZ",NA,1,0,0,2018,2021,589.85904996253,0.4,0.256,-0.044,0,5,0.772,0.717,1.166,0.351,1,0.550487358151852,0.44444445,0.143,0.143,0,0,3,3,"no change",1,0,-4.04435368981659,-0.616865368058384,NA,2018,0.225115201178573,0.433498296961949,11.3797540448154,13.4602290229651,2.08047497814969,5.1564249503714,4.82435236918687,0.935612716737523,0.0143817294366349,0.0119211360260102,0.840031420344435,0.000978842209549228,0.00133786536016292,0.000359023150613694,NA,NA,4,6.37988360999041
"70","MMR",NA,1,0,0,2017,2021,1144.47434120191,0.41,0.252,-0.284,0,8,0.655,0.641,0.486,0.615,1,-0.00238079792425985,0.3611111,0.4,0.167,1,0,0,0,"no change",0,0,2.48283933592906,6.08461268337797,1.48000001907349,2018,0.605492802809427,0.565127233472119,9.34669766002623,5.99642532429771,-3.35027233572851,2.75849672370653,2.12863318978348,0.77174695352527,0.0030745145296556,0.000482539982203834,0.363856840223158,0.000285930254669289,0.000318615100038428,0.0000326848453691389,NA,NA,7,7.04270071992061
"71","NAM",1,0,0,0,2016,2021,4896.61525956702,0.725,0.457,-0.091,0,6,0.89,0.702,0.448,2.496,1,-0.0332763713520424,0.6111111,0.167,0.333,1,1,3,3,"no change",1,0,-10.1707517202466,-2.72466136719636,NA,2018,1.73589837846669,0.421319653376429,1.77151022695676,2.27987501319487,0.50836478623811,0,0,1,0.0237023938991528,0.000239153456091454,0.0501632943410377,0.000193805370805847,0.000358717044452699,0.000164911673646852,NA,NA,4,8.49629948205812
"72","NRU",NA,1,0,0,2016,2021,8365.07289010124,NA,NA,NA,NA,NA,NA,NA,NA,NA,NA,NA,NA,NA,NA,1,NA,NA,NA,NA,1,0,0.495884603387807,-0.798959494611665,NA,2018,6.55553474433414,0.586392245804017,0,0,0,0,0,1,0,0,1,0.0018599538021215,0.0202062597424526,0.0183463059403311,NA,NA,9,9.03182032708305
"73","NPL",1,1,0,0,2016,2020,901.749607715071,0.656,0.369,-0.0690000000000001,0,6,0.858,0.883,1.525,1.876,1,0.842369222903799,NA,0.714,0.857,1,1,3,0,"no change",1,1,4.74451271488148,5.84871082835983,NA,2018,0.428179218238,0.477194327046979,1.23325834216039,0.740552905736881,-0.492705436423505,0.00535010880203997,0.00300557389360307,0.630788230323909,0.00280649842745053,0.00695079548643887,2.08874261686326,0.000721271996701234,0.000663228743080184,-0.0000580432536210504,NA,NA,8,6.8043368847573
"74","NZL",1,0,0,1,2016,2021,38630.7265886928,0.891,0.697,-0.004,0,10,0.915,0.85,1.792,2.607,1,1.05945127830427,0.94444448,0,0.25,1,1,1,3,"left",1,1,-0.240800771195083,0.0275641486978628,4.59999990463257,2018,6.5726645716851,0.451625729995842,1.56750191836734,1.4937618822214,-0.0737400361459335,0.900678264557382,0.356144236642883,0.396088328488431,0.0000795581788492252,0.000135607657198887,1.05191890483328,0,0,0,NA,NA,5,10.5618032644064
"75","NIC",1,1,NA,0,2018,2020,2049.8516660809,0.237,0.152,0.002,1,6,0.298,0.362,-1.583,-1.987,0,-1.85408260007624,0.33333334,0.667,0.6,1,0,3,3,"no change",0,0,-4.85210864564721,-4.56925348119202,NA,2018,0.805815232908442,0.493192867805386,2.32894588814311,1.30501329625279,-1.02393259189032,0,0,1,0.00810690214684568,0.0701934047182648,7.81752165229136,0.000732840313286578,0.0000928300284744432,-0.000640010284812135,NA,0.633333333333333,2,7.62552271150517
"76","NER",1,1,0,0,2016,2021,484.238632609296,0.579,0.334,-0.0569999999999999,0,5,0.82,0.924,2.435,1.499,1,1.5822369023586,0.31944445,0.556,0.625,1,1,0,0,"no change",1,0,-0.25361544353764,1.99706262597826,NA,2018,0.102037038018956,0.63269676238318,7.95503994538629,7.72752174263952,-0.227518202746773,2.89546883719845,1.03625705607528,0.35811089791615,0.00291485307416956,0.00532780720109146,1.61635879590034,0.000442193549195324,0.000708116277702678,0.000265922728507354,NA,NA,4,6.18257782779227
"77","NGA",1,1,0,1,2017,2021,2687.48005643212,0.563,0.376,-0.072,0,7,0.852,0.853,1.001,0.685,1,0.416335526162795,0.31944445,0,0,0,0,3,3,"no change",1,0,-4.2601131442069,-0.379752402189268,NA,2018,0.667110198543523,0.454871388841821,16.6935590266011,9.75406011665688,-6.93949890994423,10.9320771969559,6.40436133270789,0.585869944693277,0.00153055828187926,0.00190835568228815,1.14929409178765,0.0000167091946469615,0.0000913954603343591,0.0000746862656873976,0.776504297994269,NA,4,7.89635925154592
"78","MKD",1,1,0,1,2018,2021,4843.49238734655,0.57,0.391,0.016,1,9,0.835,0.638,0.74,2.821,1,0.204131719198288,NA,0.333,0.333,0,0,0,3,"no change",1,1,-5.0180405130877,3.88655214622943,16.5499992370605,2018,3.54972529364705,0.314798622333691,1.28404717288627,0.847087916856859,-0.43695925602941,0.421109606367929,0,0.00236905293059916,0.0207131196402447,0,0.0460551047739139,0.00103863067059222,0.000989764173154365,-0.0000488664974378572,NA,NA,1,8.4853913071395
"79","NOR",1,0,0,1,2016,2020,74355.5158575643,0.897,0.649,0.001,1,10,0.896,0.989,3.602,2.403,0,0.253727244963939,0.94444442,0.333,0,1,0,1,1,"no change",1,0,0.0679926261787642,0.453550486030423,3.69000005722046,2018,7.0313611886935,0.389296379234829,7.90187384711846,6.27423982951809,-1.62763401760038,8.63177959939386,4.98033106955013,0.577025164629465,0.0000836356464262206,0.0000539497693018177,0.972605296602871,0,0,0,NA,NA,5,11.2166131368644
"80","OMN",1,0,1,0,2019,2021,16033.4638283192,0.177,0.124,-0.001,0,NA,0.047,0.372,-0.197,-1.097,1,-0.557688078218354,0.6111111,0,0,0,0,0,0,"no change",0,0,-5.69606110307078,-4.02112716672669,2.94000005722046,2018,15.1921243629744,0.409779441451109,36.7633427264241,26.6771863914576,-10.0861563349665,35.1346621931787,13.3378187874856,0.379637609052242,0.000453639249741509,0.00000979120835652218,0.694664242545795,0,0,0,NA,NA,3,9.68243330637303
"81","PAK",1,1,1,1,2016,2021,1356.66783065763,0.405,0.252,-0.042,0,7,0.705,0.655,1.16,-0.071,1,0.545609109715886,0.44444445,0.167,0,1,0,0,2,"no change",1,1,-2.87594561462522,-0.880818100199619,NA,2018,0.981820104961691,0.492726342440773,1.54724620378653,1.06924013711836,-0.478006066668163,1.78049161279642,0.697329520497118,0.391991472472298,0.00793166774569398,0.00118996203101141,0.245190718392677,0.000150122615318865,0.000318439153783603,0.000168316538464738,0.453333333333333,0.403007518796992,8,7.21278684774676
"82","PSE",1,1,0,0,2017,2021,3272.15432360708,0.258,0.175,-0.005,0,NA,0.465,0.654,0.85,-0.78,1,0.293566273857659,NA,0,0,0,0,NA,NA,NA,0,0,-13.6319590509676,-1.15161366535136,25.8899993896484,2018,NA,NA,0,0,0,0,0,1,0.00231288640689388,0.00312287319323569,1.24449579214557,0,0,0,0.671,NA,3,8.093203861527
"83","PAN",0,1,0,0,2016,2020,13630.3228683958,0.759,0.487,-0.017,0,9,0.892,0.696,0.45,1.942,1,-0.0316502885400537,0.44444445,0,0.2,1,1,0,0,"no change",1,0,1.29253637338742,1.94510324446577,6.40999984741211,2018,2.42765632047745,0.446480916577255,0.178793070592662,0.108896763091438,-0.0698963075012237,0,0,1,0.00133883676093166,0.000685930641411992,0.720841518131609,0.0000246369894132478,0.000285043481462119,0.000260406492048871,NA,NA,2,9.52005221248015
"84","PNG",1,1,0,0,2016,2020,2679.34657921324,0.409,0.249,0.016,1,5,0.851,0.636,0.424,1.668,1,-0.0527893650959052,0.46064815,0,0,0,0,0,0,"no change",1,0,2.45900693393675,-2.22916792257401,NA,2018,0.866804456815709,0.490933421720232,20.0375548675518,12.0151920878337,-8.02236277971811,5.12028908465206,5.66355839159414,1.10608057814393,0.00320817077633927,0.00171444704408857,0.645042035687033,0.00038339222880608,0.000541333201127877,0.000157940972321798,NA,NA,9,7.8933282300511
"85","PRY",0,1,0,1,2016,2021,5413.77602061858,0.587,0.376,-0.017,0,9,0.824,0.597,0.493,1.189,1,0.00331049191770022,0.36805555,0,0,0,0,1,1,"no change",1,0,-1.79098022829488,-1.65407082014168,7.55000019073486,2018,1.21045377784493,0.422859915763575,1.89755291455526,1.53188551818358,-0.365667396371683,0,0,1,0.0063481475738617,0.0135347963908775,1.97802184084865,0.000073979689504451,0.000285407450575065,0.000211427761070614,NA,NA,2,8.59670209891185
"86","PER",1,1,0,1,2016,2020,6229.10067398112,0.775,0.55,0.028,1,9,0.831,0.753,1.747,1.785,1,1.02286441503453,0.54166669,0.167,0,1,0,3,2,"center",1,1,0.565474347551628,2.19794844938977,3.38000011444092,2018,1.69681922982601,0.456514878227523,5.99014329046558,4.49015542801929,-1.49998786244629,1.02597355569396,0.343737738859817,0.335683170173613,0.00667495468205775,0.00876325088914896,1.27209231762282,0.000197261694141286,0.000182053453026942,-0.0000152082411143437,0.781,0.572857142857143,2,8.73698724726531
"87","QAT",NA,0,0,0,2017,2021,63039.1126261242,0.083,0.026,-0.018,0,-10,0.044,0.167,-1.367,-0.31,0,-1.76627412822885,0.6388889,0.125,0.125,0,0,0,0,"no change",0,0,-5.19749228246543,-1.1032324087458,0.140000000596046,2018,32.4156391708326,0.397007698611545,33.3797330382734,20.4401645460048,-12.9395684922686,30.3440997738464,15.3300605365466,0.505223599553296,0,0.000539242084465442,1.53924208446544,0,0,0,NA,NA,3,11.0515106480704
"88","RWA",0,1,1,0,2016,2020,751.077392617885,0.234,0.206,0.000999999999999973,1,-3,0.232,0.71,1.001,-0.531,0,-0.803633103531624,NA,0.143,0.143,0,0,0,0,"no change",1,0,6.64358394861513,5.74614049530018,12.4300003051758,2018,0.0877908243794144,0.50862833712542,7.53847627631241,4.94257415996844,-2.59590211634397,0,0,1,0.000469561942112359,0.000490034817634046,1.01393127770597,0.000985924405388942,0.00286092783187142,0.00187500342648248,NA,NA,4,6.62150869920807
"89","KNA",1,0,0,1,2016,2021,18028.9734308952,NA,NA,NA,NA,NA,NA,NA,NA,NA,NA,NA,NA,NA,NA,0,NA,NA,NA,NA,1,0,-14.9761132822248,4.01450533666139,NA,2018,4.95823639345513,0.434583075941399,0,0,0,0,0,1,0.0376471107242664,0.00480436620800984,0.150188878268856,0.000459732806418792,0,-0.000459732806418792,NA,NA,5,9.79973537785401
"90","LCA",1,0,0,1,2016,2021,10093.6180163617,NA,NA,NA,NA,NA,NA,NA,NA,NA,NA,NA,NA,NA,NA,1,NA,3,1,"right",1,1,-20.7352860984343,-0.558717236775081,20.3899993896484,2018,2.14415305954148,0.386044850541362,0.0137227536015909,0.0164879740931878,0.00276522049159689,0,0,1,0.081890884139875,0,0.0120640527649885,0.000182952936012518,0.000266288227055441,0.0000833352910429236,NA,NA,5,9.21965862354117
"91","WSM",0,0,0,0,2016,2021,4073.72916415519,NA,NA,NA,NA,NA,NA,NA,NA,NA,NA,NA,NA,NA,NA,0,NA,2,2,"no change",1,0,-3.23917618866891,3.86876461636214,NA,2018,1.63158753467124,0.477800614860236,0.993608810961863,0.370304615991651,-0.623304194970212,0,0,1,0.150131345125429,0,0.00661676106415957,0.00135087119893144,0.00116831901851893,-0.00018255218041251,NA,NA,9,8.31231411547903
"92","STP",1,1,0,0,2016,2021,1584.77565743788,0.686,0.422,0.00199999999999989,1,NA,0.799,0.676,1.103,1.945,1,0.499265749574212,NA,0.25,0.2,1,0,NA,NA,NA,1,0,1.15503808250499,0.302078271457091,NA,2018,0.663406497592782,0.476742984465288,3.37508873191406,2.62212143224277,-0.752967299671293,0,0,1,0,0,1,0.00156005517936279,0.00245578052556743,0.000895725346204639,NA,NA,4,7.36819813524485
"93","SAU",1,1,0,1,2016,2021,20627.9269288204,0.018,0.024,-0.002,0,-10,0.028,0.248,-0.244,-1.073,0,-1.30975137876306,0.6388889,0,0,0,0,0,0,"no change",0,0,-5.60869531637937,-1.32503213598616,7.65999984741211,2018,15.2687805332958,0.357654655746555,38.5403121222516,24.5695652793701,-13.9707468428816,42.1359355529611,19.6136886312796,0.465498697849688,0.0000475941318752745,0.0000121907980895241,0.966205104907971,0,0,0,NA,NA,3,9.93440111283475
"94","SYC",0,0,0,0,2016,2021,14745.3414620288,0.532,0.214,0.135,1,NA,0.764,0.796,0.956,0.975,1,0.379748662893053,NA,0.2,0.25,1,1,NA,NA,NA,1,0,-11.5294348013153,0.296482430091345,4.30999994277954,2018,6.40747400839172,0.594331149128666,0.114711792831197,0.11001781951097,-0.00469397332022696,0,0,1,0.0447789635388458,0,0.0218440943764803,0.0000704751754228954,0.00018180176534668,0.000111326589923785,NA,NA,4,9.5986824787994
"95","SLE",0,0,1,0,2016,2021,588.228862794816,0.509,0.342,0.044,1,7,0.792,0.915,1.465,2.166,1,0.793586738544142,0.3611111,0,0,0,0,3,0,"center",1,1,-3.98165433349067,3.05763409073658,NA,2018,0.133330736434022,0.484694803219212,12.5307624752371,12.7431536115643,0.212391136327112,0,0,1,0.00268865195795667,0.000729975793969577,0.468999464760534,0.000198032643714263,0.00107026841444897,0.000872235770734707,NA,NA,4,6.37711609461139
"96","SGP",0,0,0,0,2016,2020,55646.6187469505,0.416,0.108,-0.025,0,-2,0.576,0.357,-0.427,0.196,0,-1.38414466741154,0.8888889,0,0,0,0,0,0,"no change",0,0,0.192150836011294,3.01247744349737,3.09999990463257,2018,8.39913483236136,0.538326678694068,0.000568356936534602,0.000308718996869933,-0.000259637939664669,0,0,1,0,0,1,0,0,0,NA,NA,7,10.9267765955936
"97","SLB",1,0,0,1,2016,2021,2167.11992829078,0.587,0.334,0.039,1,8,0.818,0.669,0.522,2.076,0,-0.998356520267255,NA,0.2,0.25,1,1,0,0,"no change",1,0,-6.69331588516656,-1.35921200161332,NA,2018,0.566740598232995,0.557079259809077,11.6335033686927,19.248168649281,7.61466528058832,0,0,1,0.0226441388759663,0.000382932836643915,0.0584894566851675,0.000746737586456471,0.00469446306834464,0.00394772548188817,NA,NA,9,7.6811543430095
"98","SOM",NA,1,0,0,2016,2021,293.455171889408,0.172,0.094,-0.00899999999999998,0,5,0.577,0.654,0.731,1.107,1,0.196814346544339,0.055555556,0,0,0,0,0,0,"no change",1,0,-0.462294726390766,5.03920506752881,NA,2018,0.0459747904898814,0.525994699669933,13.4864824654653,NA,NA,0,0,1,0.00827023579258472,0.0223302493794756,2.51668349128051,0.00031955552068899,0.000848629321316294,0.000529073800627304,NA,NA,4,5.68172489128048
"99","ZAF",1,0,0,1,2016,2021,5734.63342207587,0.75,0.485,-0.035,0,9,0.895,0.819,0.803,1.537,1,0.255353327775928,0.46527779,0.667,0.667,0,0,3,3,"no change",1,0,-7.61587550157316,-1.19609144119572,24.3400001525879,2018,7.4966448945296,0.430575886474266,4.91156530929811,3.66999275099431,-1.24157255830379,2.98995301535445,1.67408067564474,0.560049143883404,0.00028179840043418,0.0000393147228901007,0.81082541727159,0.000124614542716127,0.0000916085418437319,-0.0000330060008723953,0.56,NA,4,8.65427910809174
"100","KOR",1,1,0,1,2016,2021,28732.2310762599,0.734,0.482,0.127,1,8,0.842,0.779,0.907,0.717,1,0.339909633999333,0.74305552,0,0.25,1,1,1,0,"center",1,1,-0.988631819016462,1.8889146004307,3.9300000667572,2018,12.224591362122,0.494061457637146,0.028495296881135,0.0405721735172854,0.0120768766361504,0.00831770315038659,0.00262329863803711,0.388861780586643,0.000468930060777157,0.000342520607235015,0.913944539010071,0,0,0,0.891542288557214,NA,6,10.2657748056328
"101","SSD",0,1,0,0,2021,2021,1119.65143716565,0.136,0.046,0,1,NA,0.215,0.296,-0.624,-0.609,1,-0.904856758577912,NA,NA,NA,0,NA,NA,NA,NA,0,0,NA,NA,NA,2018,0.125729733551362,NA,33.1008950856462,NA,NA,14.1886340215995,NA,NA,0.0365470057084397,0,0.0266332822320162,0.000101282619110889,0,-0.000101282619110889,NA,NA,4,7.02077269903475
"102","LKA",1,1,0,1,2016,2021,3843.78067184442,0.62,0.375,-0.047,0,6,0.805,0.848,1.78,1.686,1,1.04969478143234,0.47222221,0.2,0,1,0,0,0,"no change",1,0,-4.0794090524288,1.63141197879588,5.19999980926514,2018,0.998154130133826,0.499465542027125,0.240057158313522,0.0919084748332003,-0.148148683480322,0,0,1,0.0112976035059181,0.00945257344855556,0.849968324602869,0.000230595296088442,0.000227510576369136,-0.00000308471971930584,NA,NA,8,8.25421171118983
"103","SDN",1,1,0,0,2017,2021,2019.49887905692,0.269,0.095,-0.085,0,-4,0.387,0.272,-0.294,-1.424,1,-0.636553094599799,0.25,0.125,0.143,1,1,0,-999,NA,0,1,-5.90675590365227,-4.48984342796072,NA,2018,0.483235877575013,0.541678811300301,7.70388800623927,6.43053724768806,-1.27335075855121,7.54287803363326,2.44683027443859,0.324479036315977,0.0033030362284132,0.00390474507331251,1.13983355309123,0.0000118518791711101,0.0000180335681252079,0.00000618168895409775,NA,NA,4,7.61060467994361
"104","SUR",1,1,1,0,2019,2019,9168.23715664009,0.766,0.483,0,1,NA,0.879,0.772,0.891,1.935,0,-0.84835038086131,0.44907406,NA,NA,0,NA,NA,NA,NA,0,0,3.94868880728451,0.567009681821375,NA,2018,3.61119261372218,0.418220178645075,15.2675656846033,7.72981945291182,-7.53774623169144,6.03495911316572,2.81867823637883,0.467146676031736,0.0155346828845508,0,0.0604789343093086,0.000164936927594068,0.00111488387926824,0.000949946951674175,NA,NA,10,9.12350030649082
"105","CHE",0,0,0,0,2017,2021,84776.1421659748,0.898,0.8,-0.013,0,10,0.922,0.971,3.484,2.812,1,2.4351173372466,0.8888889,0.667,1,1,1,-999,-999,"no change",1,0,-3.08540092497348,0.491609144873692,4.82000017166138,2018,4.40199104356902,0.308516918238188,0.0183173350513251,0.0106659180510576,-0.00765141700026748,0,0,1,0.0000265721411877119,0.000000423044431665165,0.974527755325804,0,0,0,0.70183611948479,NA,5,11.3477694398134
"106","ZMB",0,0,1,0,2016,2021,1338.29092708188,0.398,0.258,-0.019,0,6,0.688,0.694,1.116,0.568,1,0.509835287852138,0.41898149,0,0,0,0,0,0,"no change",1,0,-5.55028325872323,-1.45136446466172,6.03000020980835,2018,0.446065443448411,0.549443540423384,11.4894419285823,10.6817109732995,-0.807730955282848,0.0128729706769284,0.0413190322636409,3.05046649698613,0.01471456746098,0.00959766222242917,0.67438459561446,0.000583747625838793,0.000849767762844592,0.000266020137005799,NA,NA,4,7.19914865134415
"107","ZWE",1,0,0,1,2017,2021,1445.06970213198,0.298,0.219,-0.017,0,4,0.618,0.573,-0.976,-0.776,1,-1.1910473334879,0.34722221,0.375,0.25,1,0,0,0,"no change",1,0,-7.62038819104805,-7.46862686012715,NA,2018,0.849792905399696,0.516912092759957,7.61216140217938,3.90388738615766,-3.70827401602173,0.997828260720599,0.311589733034552,0.312956436383804,0.00153684088002243,0.00461210778238436,2.21224272542263,0.0000491925989268889,0.000182306671487444,0.000133114072560556,NA,NA,4,7.27591283615271
"108","TJK",1,0,0,0,2017,2021,978.404981180605,0.171,0.058,0.013,1,-3,0.165,0.202,-1.923,-1.242,1,-1.96099754496448,NA,0,0,0,0,3,3,"no change",0,0,2.12659470706988,4.86305682399173,NA,2018,0.805419539521981,0.361268719901955,0.997583978892878,3.80759597282203,2.81001199392916,0.262061358277067,0.389856784642871,1.48580083066098,0.0083963079230186,0.000204409016129342,0.128178964120454,0.0012446935805479,0.00188784878013948,0.000643155199591575,NA,NA,1,6.88592367550944
"109","TZA",0,1,0,0,2018,2021,871.998281361226,0.385,0.247,-0.025,0,3,0.645,0.773,0.697,0.383,1,0.169170938740534,0.45601851,0.5,0.5,0,0,3,3,"no change",1,0,-0.95017651764438,2.71933648559543,2.77999997138977,2018,0.20563473262264,0.499199612749496,7.08651483957254,2.75166720666153,-4.33484763291101,0.205784829156179,0.172280126288552,0.8379731095151,0.00054742108514574,0.005942536766946,4.48652072379648,0.000539045577330407,0.000401750857472699,-0.000137294719857708,0.902,NA,4,6.77078745299101
"110","THA",0,0,0,0,2016,2020,5840.05306687798,0.149,0.08,0.052,1,-3,0.138,0.553,0.073,-1.225,1,-0.338166898599898,0.41666666,0,0,0,0,0,0,"no change",1,0,1.97689245743686,3.86148228881737,0.720000028610229,2018,3.71403920358071,0.457569648430911,1.81033645327962,1.78398750330765,-0.0263489499719751,2.23826737928127,1.08977538271336,0.487112612279229,0.0156779222749279,0.0106174711378724,0.69657784383233,0.000035217138340069,0.000128958204739102,0.0000937410663990333,NA,NA,7,8.67249516257516
"111","TGO",1,0,0,1,2017,2021,570.909967175308,0.451,0.166,-0.083,0,-2,0.64,0.715,0.276,-0.149,1,-0.173119493183059,0.27777779,0.143,0,1,0,0,0,"no change",1,0,-0.660830190764798,2.93818166189259,NA,2018,0.286471388670057,0.409192655845158,10.5502949621923,6.58884565734055,-3.96144930485177,0,0,1,0.00588837955946476,0.00344255409973768,0.644934568629211,0.000310758359866553,0.000880372992597014,0.000569614632730461,NA,NA,4,6.3472315215239
"112","TON",1,0,0,0,2016,2020,4336.23960272654,NA,NA,NA,NA,NA,NA,NA,NA,NA,NA,NA,NA,NA,NA,1,NA,NA,NA,NA,1,0,-0.517228592727164,-0.863365350326134,NA,2018,1.84110311146426,0.544697845512927,0.0493147821145958,0.0434636869702909,-0.00585109514430491,0,0,1,0.0194776194560872,0.213806665513114,10.4898260256155,0.0034591117714905,0.00772113986445901,0.00426202809296851,NA,NA,9,8.37476280052416
"113","TUN",1,0,0,1,2017,2021,3861.69240015155,0.727,0.403,-0.171,0,7,0.856,0.871,2.551,1.955,1,1.67654970545393,0.65277779,0,0,0,0,2,0,"left",1,1,-10.1344324357438,0.278958759643274,NA,2018,2.59225886480332,0.329594486342073,4.31962800367246,2.46580971615072,-1.85381828752174,3.95496370092743,1.44423820735746,0.365331513789836,0.00219623058964162,0.000996413110190995,0.624614856218757,0.000382997279814001,0.00094291398433625,0.000559916704522249,NA,0.33112582781457,3,8.25886081200479
"114","ARE",1,0,0,0,2016,2020,38663.4005026605,0.097,0.031,0.004,1,-8,0.036,0.251,-1.394,-1.784,1,-1.53089864119351,0.69444448,0,0,0,0,0,0,"no change",1,0,1.93443148259161,-0.320590314360061,2.32999992370605,2018,20.7974984025486,0.367262048656977,21.9933258310157,14.7582745557873,-7.23505127522834,24.6760227518078,11.8065075809259,0.478481853328961,0,0.0000198161608380803,1.01981616083808,0,0,0,NA,NA,3,10.5626487080938
"115","UGA",NA,NA,0,0,2016,2021,843.62954532648,0.306,0.229,-0.022,0,-1,0.515,0.772,0.644,-0.865,1,0.126079744222837,0.44444445,0,0,0,0,0,0,"no change",1,0,-0.360468367685613,2.73474072805178,NA,2018,0.143462178127508,0.519979538604867,14.9284985044526,9.78363413968594,-5.14486436476664,0,0,1,0.0013016201237807,0.000779898965540987,0.773324384484993,0.000472508778623188,0.000836187365314669,0.000363678586691481,0.907,NA,4,6.73771347090086
"116","UKR",1,0,0,1,2016,2021,2828.88506924235,0.41,0.281,0.107,1,4,0.665,0.791,1.319,1.726,1,0.674882693268977,0.44444445,0,0,0,0,0,2,"center",1,1,-3.35052826556826,3.79371893400872,9.47999954223633,2018,4.15418063140229,0.403546945468694,4.13106956959739,2.40166048672658,-1.72940908287081,3.10065689594598,1.22966061384838,0.396775225350333,0.00157019819376334,0.000163027758694215,0.452505087551744,0.000565506907145547,0.000927067670247705,0.000361560763102158,0.768157768157768,0.451512800620636,1,7.94763794454572
"117","GBR",1,0,0,1,2016,2020,45039.2359520486,0.857,0.633,0.016,1,8,0.904,0.963,1.785,2.447,1,1.05375998846231,0.8888889,0.143,0.125,1,0,1,1,"no change",1,0,1.0999959123708,1.03685521942496,3.74000000953674,2018,5.39870813789348,0.389993665812156,0.75269642252564,0.491655077781755,-0.261041344743885,0.788268352250717,0.389554944105975,0.494831628548451,0.000273309718283001,0.00000121965895405333,0.786312744321273,0,0,0,0.784784784784785,NA,5,10.7152892989052
"118","USA",1,0,0,1,2016,2021,56863.3714957652,0.891,0.648,-0.0700000000000001,0,8,0.943,0.99,3.549,2.647,1,2.48796502863622,0.81018519,0.2,0.222,1,1,3,1,"no change",1,1,-4.32861965716218,1.69701129870931,8.05000019073486,2018,15.2408745833286,0.481034463430793,0.922770541503624,0.497384232772908,-0.425386308730716,0.636600805372849,0.342239394833052,0.538329613044224,0.00650763029693883,0.000823976128030772,0.242949646678058,0,0,0,0.652043868394816,0.525808936825886,5,10.9484066781317
"119","UZB",1,0,0,1,2018,2021,2615.025134487,0.189,0.058,0.027,1,-9,0.115,0.305,-0.214,-0.82,1,-0.571509782120257,NA,0.125,0.167,1,1,0,0,"no change",1,0,-0.221646202901013,3.74451756655768,5.28999996185303,2018,3.4011912817354,0.318519038955527,16.2459688070857,13.3876139756719,-2.85835483141379,9.37920169858454,6.77367046144565,0.722230787688493,0.0000143310276302213,0.000511581982382008,1.4902255192898,0.00041659287200611,0.00115998137644678,0.000743388504440668,NA,NA,1,7.86902898811134
"120","VUT",1,1,0,1,2016,2021,2695.66618597973,0.753,0.461,0.024,1,NA,0.886,0.794,1.716,2.671,1,0.997660131448707,NA,0,0,0,0,0,0,"no change",1,0,-9.01902421865748,1.41522700357308,NA,2018,0.615016656701119,0.486688943340768,0.805087128516643,0.705014499949597,-0.100072628567047,0,0,1,0.0584368573424219,0.0704830234303182,1.20267165234691,0.00163362723874991,0.00239416390272376,0.000760536663973841,NA,NA,9,7.89940064610931
"121","VEN",0,1,0,0,2018,2021,17300,0.217,0.163,0.002,1,-3,0.357,0.419,-1.592,-0.835,1,-1.69188083958038,0.21527778,1,1,0,0,0,0,"no change",1,0,NA,NA,7.53000020980835,2018,4.782754886893,0.421695854639809,19.7274647855109,NA,NA,10.0323493630606,0,0.0000996676148526889,0.00103775152008,0.0000333169718619582,0.507086836486027,0,0,0,0.853,NA,2,9.75846178048587
"122","VNM",1,1,0,1,2016,2020,2085.10134910739,0.217,0.189,-0.004,0,-7,0.048,0.74,0.788,-0.67,1,0.243157706686014,0.52777779,0.875,1,1,1,3,3,"no change",1,0,6.00103665097893,6.01639837930368,1.67999994754791,2018,2.69880592228919,0.490791446680879,8.75147497467158,3.83763672008724,-4.91383825458434,6.05558636472389,1.59557824686135,0.263610250183254,0.00938359456651195,0.00813392058348836,0.879649193252026,0.000388705242441665,0.0003161627630139,-0.0000725424794277641,0.823,NA,7,7.64257274173614
